Shift,Output_per_Hr,Downtime_per_Hr,Scrap_Ratio
A,1843.75,0.05208333333333333,0.0074482758620689656
B,1625.0,0.09375,0.013846153846153847
C,1375.0,0.125,0.022727272727272728
